"id","fname","lname","email","status","phone1","phone2","address","username","password","","","",""
"1","Blanca McCullough","Lawson Durgan","a@b.com","0","1","858","52940 Johnny Garden Apt. 790
Turcotteborough, HI 49526-9156","Dr. Roscoe Renner","$2y$10$bHGbuknEP6XpKe6/.Jv5I.jLBW5o.cWSnwoKSAlkbaPWRXtHuzYJ6","","2016-08-19 12:59:37","2016-10-10 20:53:38","0"
"4","Jace Green","Modesta Padberg","a@b.com","0","289","2147483647","523 Boyle Corners Apt. 806
Rippintown, KY 96092","Marjory Koss","$2y$10$PEfYDwyCFjDj/2eBDNNw2.k5UbAAOzjUTKO.q1f5eE/0CqWIYJM2S","","2016-08-08 12:51:49","2016-08-15 14:08:51","0"
"6","Maximus Kirlin MD","Edna Prohaska","a@b.com","0","0","1","797 Okuneva Cliffs
Bransonshire, AK 66349-9510","Prof. Hettie Little","$2y$10$2XGKhL1rwE5pP88mF51KneSQg39iVvdyqiKemYFxQ0FB1lvM49PYG","","2016-08-08 12:51:49","2016-08-15 14:09:02","0"
"7","Prof. Reginald Johns","Mateo Dooley II","a@b.com","0","1","2147483647","637 Joe Hollow
South Rashawnview, SC 11174-3404","Gaylord Christiansen","$2y$10$jgBV6UCHD7lHE8bvhQ./OelrDb2sJPmT3hJ4vFwlMDAKy.puQg0Zi","","2016-08-08 12:51:49","2016-08-15 14:09:07","0"
"8","Torrance Koepp","Erich Deckow","a@b.com","1","560635","1476","2567 Zemlak Stream Suite 220
Matildestad, PA 41219-4095","Dr. Cornell Ruecker PhD","$2y$10$ZiQ6Nn8jAXJrydQkBpo0fuRROlteS5ERMOT2mrrIzzB9Lfe44HN5.","","2016-08-08 12:51:49","2016-08-15 14:09:15","0"
"11","مازن","هانى","a@b.com","0","2147483647","454545454","tanta","mazen221","123456","","2016-08-08 12:55:38","2016-08-15 14:04:20","0"
