"id","fname","lname","email","phone1","phone2","address","",""
"1","Iliana Langosh PhD","Ms. Rosemarie Luettgen","katharina61@example.org","","240397","4177 Al Fields
North Edythe, UT 48244","2016-08-12 14:02:34","2016-08-15 09:03:10"
"2","Dr. Aimee Bayer","Eden Dietrich","reinger.laverne@example.org","1","","6172 Cayla Ville Apt. 282
Port Geneview, PA 43297","2016-08-12 14:02:34","2016-08-15 09:03:17"
"3","Madaline Johnston","Garfield Satterfield","gbeier@example.net","2147483647","1","162 Hillard Drives
Agustinatown, GA 39169","2016-08-12 14:02:34","2016-08-15 09:03:21"
"4","Emory Gulgowski","Paris Dickinson","ostrosin@example.net","","410","83368 Gleason Islands Apt. 247
Smithberg, AK 33724","2016-08-12 14:02:34","2016-08-15 09:03:26"
"5","Dr. Twila Kiehn Sr.","Alexzander Schaefer IV","cortney83@example.org","623722","","859 Alivia Junction Apt. 951
North Vernaview, TX 06492","2016-08-12 14:02:34","2016-08-15 09:03:30"
"6","حنفى بيه","الابهه","7anafi@obaha.com","121223245","2147483647","دير-الناحيه-الشمال-اوى","2016-08-12 14:30:47","2016-08-15 09:03:34"
"","","","","","","","",""
"","","","","","","","",""
"","","","","","","","",""
